num,family
1,hashing
9,math-bit
4,binary-search
3,sliding-window
15,two-pointers
2,linked-list
121,dp-linear
13,string-other
56,merge-intervals
175,sql
1929,trivial
875,binary-search
128,hashing
5,string-other
88,two-pointers
347,heap-topk
2667,trivial
26,two-pointers
1148,sql
1757,sql
21,linked-list
12,string-other
204,number-theory
287,fast-slow
344,two-pointers
485,sliding-window
1768,string-other
33,binary-search
54,matrix-sim
295,heap-topk
146,design
496,monotonic-stack
217,hashing
215,heap-topk
1944,monotonic-stack
61,linked-list
7,math-bit
1838,sliding-window
1861,matrix-sim
213,dp-linear
253,diff-array
29,math-bit
931,dp-grid
3629,bfs
198,dp-linear
345,two-pointers
1914,matrix-sim
189,two-pointers
2553,string-other
168,math-bit
202,hashing
1109,diff-array
1004,sliding-window
1665,greedy
777,two-pointers
1674,diff-array
815,bfs
231,math-bit
2784,hashing
394,pairing-stack
197,sql
238,prefix-sum
410,binary-search
100,tree-traversal
105,tree-construct
45,greedy
3481,string-other
125,two-pointers
509,dp-linear
258,math-bit
1345,bfs
169,hashing
207,topo-sort
274,hashing
55,greedy
25,linked-list
242,hashing
2657,prefix-sum
359,design
3043,trie
69,binary-search
540,binary-search
49,hashing
53,dp-linear
610,sql
6,string-other
14,string-other
2140,dp-linear
122,greedy
1340,dp-linear
414,trivial
300,dp-linear
560,prefix-sum
532,hashing
704,binary-search
1011,binary-search
416,dp-knapsack
8,string-other
3121,string-other
48,matrix-sim
349,hashing
778,dijkstra
71,pairing-stack
103,bfs
2540,two-pointers
51,backtracking
22,backtracking
3300,math-bit
443,two-pointers
733,dfs-flood
424,sliding-window
3161,binary-search
75,dutch-flag
994,bfs
2619,trivial
28,string-matching
322,dp-knapsack
1729,sql
2126,greedy
42,monotonic-stack
494,dp-knapsack
151,string-other
977,two-pointers
190,math-bit
130,dfs-flood
102,bfs
11,two-pointers
1470,trivial
912,heap-topk
3633,greedy
20,pairing-stack
200,dfs-flood
206,linked-list
17,backtracking
354,binary-search
503,monotonic-stack
876,fast-slow
1502,trivial
18,two-pointers
27,two-pointers
31,two-pointers
34,binary-search
46,backtracking
67,math-bit
118,dp-linear
152,dp-linear
155,design
283,two-pointers
739,monotonic-stack
2235,trivial
35,binary-search
39,backtracking
74,binary-search
240,binary-search
645,hashing
3225,dp-grid
10,dp-grid
58,string-other
62,dp-grid
68,string-other
70,dp-linear
83,linked-list
162,binary-search
239,monotonic-stack
329,dp-grid
383,hashing
595,sql
621,greedy
643,sliding-window
1480,prefix-sum
1722,union-find
3742,dp-grid
32,pairing-stack
41,hashing
66,math-bit
72,dp-grid
73,matrix-sim
78,backtracking
80,two-pointers
85,monotonic-stack
109,tree-construct
138,linked-list
139,dp-linear
141,fast-slow
167,two-pointers
179,greedy
224,pairing-stack
226,tree-traversal
232,design
328,linked-list
448,hashing
518,dp-knapsack
642,trie
662,bfs
735,pairing-stack
746,dp-linear
787,bellman-ford
796,string-other
834,dp-tree
907,monotonic-stack
1094,diff-array
1101,union-find
1539,binary-search
1581,sql
1727,greedy
1922,math-bit
2965,hashing
3474,greedy
3660,dp-linear
16,two-pointers
19,fast-slow
24,linked-list
30,sliding-window
36,hashing
43,string-other
44,dp-grid
50,math-bit
57,merge-intervals
79,backtracking
84,monotonic-stack
90,backtracking
99,bst
101,tree-traversal
110,tree-aggregate
126,bfs
127,bfs
131,backtracking
136,math-bit
143,linked-list
268,math-bit
234,fast-slow
37,backtracking
160,linked-list
181,sql
205,hashing
1752,two-pointers
3453,binary-search
219,hashing
904,sliding-window
209,sliding-window
380,design
387,hashing
743,dijkstra
799,dp-grid
137,math-bit
153,binary-search
210,topo-sort
221,dp-grid
236,tree-aggregate
278,binary-search
442,hashing
703,heap-topk
843,string-other
2149,two-pointers
3637,two-pointers
60,math-bit
124,dp-tree
176,sql
304,prefix-sum
371,math-bit
528,binary-search
636,pairing-stack
833,string-other
844,two-pointers
1526,greedy
2995,sql
23,heap-topk
3625,geometry
3355,diff-array
135,greedy
2877,trivial
3623,geometry
402,monotonic-stack
852,binary-search
715,design
939,hashing
584,sql
493,binary-search
543,tree-aggregate
76,sliding-window
2337,two-pointers
1825,design
1071,string-other
1207,hashing
567,sliding-window
2402,heap-topk
229,hashing
547,union-find
148,linked-list
326,math-bit
3356,diff-array
134,greedy
1661,sql
389,math-bit
392,two-pointers
962,monotonic-stack
92,linked-list
94,tree-traversal
417,dfs-flood
1110,tree-traversal
230,bst
1482,binary-search
38,string-other
40,backtracking
65,string-other
77,backtracking
91,dp-linear
98,bst
104,tree-aggregate
116,tree-traversal
123,dp-linear
129,tree-aggregate
133,graph-other
140,backtracking
163,two-pointers
173,bst
199,bfs
227,pairing-stack
235,bst
237,linked-list
246,string-other
249,hashing
269,topo-sort
270,bst
282,backtracking
286,bfs
297,tree-construct
301,bfs
303,prefix-sum
314,bfs
317,bfs
334,greedy
339,tree-traversal
346,design
348,design
378,binary-search
398,design
408,string-other
415,string-other
419,matrix-sim
426,bst
480,heap-topk
489,backtracking
498,matrix-sim
523,prefix-sum
525,prefix-sum
529,dfs-flood
536,tree-construct
545,tree-traversal
605,greedy
647,string-other
658,binary-search
670,greedy
678,greedy
680,two-pointers
695,dfs-flood
708,linked-list
721,union-find
724,prefix-sum
766,matrix-sim
791,greedy
824,string-other
825,hashing
827,dfs-flood
863,bfs
921,pairing-stack
934,bfs
938,bst
958,bfs
973,heap-topk
986,merge-intervals
987,bfs
1047,pairing-stack
1060,binary-search
1091,bfs
1209,pairing-stack
1216,dp-interval
1249,pairing-stack
1424,matrix-sim
1443,dp-tree
1570,design
1650,tree-traversal
1762,monotonic-stack
1778,bfs
1868,two-pointers
2265,dp-tree
64,dp-grid
117,tree-traversal
161,two-pointers
171,math-bit
174,dp-grid
186,string-other
208,trie
214,string-matching
218,heap-topk
252,merge-intervals
254,backtracking
262,sql
266,hashing
277,graph-other
290,hashing
291,backtracking
312,dp-interval
330,greedy
332,graph-other
337,dp-tree
365,number-theory
373,heap-topk
404,tree-traversal
412,trivial
438,sliding-window
450,bst
460,design
465,backtracking
502,heap-topk
505,dijkstra
516,dp-interval
535,design
542,bfs
549,dp-tree
679,backtracking
690,dfs-flood
696,string-other
699,design
710,design
719,binary-search
722,string-other
723,matrix-sim
752,bfs
773,bfs
785,graph-other
788,dp-digit
792,binary-search
802,topo-sort
855,design
864,bfs
895,design
953,string-other
959,union-find
974,prefix-sum
983,dp-linear
992,sliding-window
1039,dp-interval
1064,binary-search
1136,topo-sort
1139,dp-grid
1152,hashing
1166,trie
1171,linked-list
1197,bfs
1202,union-find
1235,dp-interval
1244,design
1268,trie
1326,greedy
1334,dijkstra
1353,greedy
1368,dijkstra
1385,binary-search
1400,greedy
1423,sliding-window
1462,topo-sort
1472,design
1489,union-find
1519,dp-tree
1552,binary-search
1579,union-find
1584,union-find
1603,design
1627,union-find
1635,sql
1645,sql
1651,sql
1673,monotonic-stack
1705,heap-topk
1719,graph-other
1814,hashing
1818,binary-search
1829,math-bit
1856,monotonic-stack
1915,hashing
1926,bfs
1931,dp-bitmask
1961,string-other
1966,binary-search
1967,string-other
1968,greedy
2008,dp-linear
2021,diff-array
2092,union-find
2101,graph-other
2115,topo-sort
2196,tree-construct
2197,number-theory
2243,string-other
2246,dp-tree
2248,hashing
2251,binary-search
2261,hashing
2282,monotonic-stack
2307,union-find
2333,binary-search
2385,bfs
2389,binary-search
2467,dp-tree
2477,dp-tree
2502,design
2503,union-find
2508,graph-other
2537,sliding-window
2551,greedy
2555,dp-linear
2561,greedy
2571,math-bit
2603,graph-other
2672,greedy
2768,hashing
2817,sliding-window
2828,string-other
2848,diff-array
2861,binary-search
2912,dp-grid
2948,union-find
2954,number-theory
3023,string-matching
3027,geometry
3034,string-matching
3037,string-matching
3045,string-matching
3073,prefix-sum
3078,string-matching
3191,greedy
3192,greedy
3342,dijkstra
3387,graph-other
3419,dijkstra
3466,dp-grid
3652,dp-linear
3868,greedy
47,backtracking
82,linked-list
97,dp-grid
108,tree-construct
112,tree-aggregate
149,geometry
150,pairing-stack
157,design
158,design
165,string-other
188,dp-knapsack
191,math-bit
203,linked-list
211,trie
212,trie
225,design
243,two-pointers
257,tree-traversal
273,string-other
284,design
309,dp-linear
340,sliding-window
341,design
362,design
399,union-find
428,tree-construct
432,design
435,greedy
455,greedy
463,matrix-sim
468,string-other
477,math-bit
490,bfs
515,bfs
565,graph-other
622,design
628,greedy
635,design
688,dp-grid
692,heap-topk
706,design
707,design
713,sliding-window
714,dp-linear
731,design
736,string-other
759,merge-intervals
820,trie
841,dfs-flood
874,matrix-sim
889,tree-construct
909,bfs
918,dp-linear
933,design
981,design
996,backtracking
1041,geometry
1087,backtracking
1143,dp-grid
1146,design
1251,sql
1275,trivial
1606,design
1657,hashing
2023,hashing
2065,backtracking
2104,monotonic-stack
2150,hashing
2351,hashing
2397,backtracking
2435,dp-grid
2591,greedy
2633,trivial
2970,two-pointers
2972,two-pointers
3030,matrix-sim
3074,greedy
3163,string-other
3522,string-other
193,string-other
216,backtracking
310,topo-sort
343,dp-linear
384,design
390,math-bit
396,math-bit
427,tree-construct
456,monotonic-stack
526,backtracking
648,trie
729,design
741,dp-grid
941,two-pointers
1022,tree-aggregate
1169,hashing
1266,math-bit
1404,math-bit
1429,design
1979,number-theory
2661,hashing
3462,heap-topk
3741,hashing
3761,hashing
1239,backtracking
1295,trivial
1321,sql
1492,math-bit
1614,pairing-stack
1888,dp-linear
2009,binary-search
2050,topo-sort
2493,graph-other
2906,prefix-sum
3010,greedy
59,matrix-sim
63,dp-grid
81,binary-search
86,linked-list
111,tree-aggregate
114,tree-traversal
115,dp-grid
120,dp-grid
142,fast-slow
180,sql
182,sql
196,sql
228,two-pointers
233,dp-digit
368,dp-linear
445,linked-list
475,binary-search
541,string-other
570,sql
611,two-pointers
673,dp-linear
797,graph-other
1029,greedy
1174,sql
1193,sql
1200,greedy
1347,hashing
1365,prefix-sum
1382,bst
1583,hashing
1656,design
1823,math-bit
1848,two-pointers
1871,dp-linear
1971,union-find
2144,greedy
2423,hashing
2833,trivial
3047,geometry
3488,hashing
93,backtracking
113,backtracking
172,math-bit
177,sql
299,hashing
386,dfs-flood
407,heap-topk
577,sql
653,bst
763,greedy
1475,monotonic-stack
1494,dp-bitmask
1691,dp-linear
2858,graph-other
3129,dp-linear
3371,hashing
3413,prefix-sum
3507,heap-topk
3635,greedy
3928,dijkstra
132,dp-interval
586,sql
657,string-other
829,number-theory
1280,sql
1431,trivial
1932,bst
3418,dp-grid
3546,prefix-sum
305,union-find
564,string-other
588,design
1428,binary-search
1438,sliding-window
2187,binary-search
2258,bfs
2444,sliding-window
2468,greedy
2791,dp-tree
3071,greedy
3341,dijkstra
472,trie
767,greedy
2055,prefix-sum
2214,dp-linear
2357,greedy
3434,sliding-window
761,greedy
898,dp-linear
1141,sql
1335,dp-knapsack
1356,math-bit
1797,design
2472,dp-interval
451,heap-topk
901,monotonic-stack
1648,binary-search
2488,prefix-sum
2910,greedy
3752,greedy
3914,greedy
430,linked-list
1274,matrix-sim
1387,math-bit
1396,design
1934,sql
3120,string-other
585,sql
3932,number-theory
1192,graph-other
1903,string-other
3872,dp-linear
3920,greedy
1339,dp-tree
1092,dp-grid
1466,graph-other
